{"minzoom":0,"maxzoom":8,"center":[13.359375,-3.513157,8.0],"bounds":[11.197702,-5.028915,18.64982,3.701497]}