{"minzoom":0,"maxzoom":9,"center":[15.820312,1.757504,9.0],"bounds":[11.197702,-5.028915,18.64982,3.701497]}